{
  "timestamp": "2025-06-23T16:01:23.063898",
  "reserve_status": {
    "total_value_usd": 85000000.0,
    "reserve_ratio": 2.69,
    "target_ratio": 2.0,
    "risk_level": "low",
    "collateral_breakdown": {
      "CELO": 45000000.0,
      "BTC": 15000000.0,
      "ETH": 12000000.0,
      "DAI": 8000000.0,
      "USDC": 5000000.0
    }
  },
  "treasury_summary": {
    "total_value_usd": 1044.0686784185045,
    "balances_by_coin": {
      "cUSD": 719.9036784185046,
      "cEUR": 317.19,
      "cREAL": 6.975
    },
    "balances_by_chain": {
      "celo": 1044.0686784185045
    }
  },
  "stability_metrics": {
    "price_deviations": {
      "cUSD": 0.002,
      "cEUR": -0.001,
      "cREAL": 0.005,
      "eXOF": -0.003
    },
    "volume_24h": {
      "cUSD": 5000000.0,
      "cEUR": 2000000.0,
      "cREAL": 1000000.0,
      "eXOF": 500000.0
    },
    "risk_level": "low"
  },
  "alerts": [],
  "recommendations": [
    "Reserve ratio healthy",
    "Continue normal operations"
  ]
}
